citta,risultati
Austin,848.000.000
Wrocław,105.000.000
Innsbruck,117.000.000
Villefranche-sur-Saône,11.400.000
Zakopane,25.900.000
Lisbon,178.000.000
Lübeck,75.800.000
Poznań,103.000.000
Portland,548.000.000
Catania,113.000.000
Glasgow,339.000.000
Las Vegas,610.000.000
Brno,110.000.000
Chicago,1.620.000.000
Berlin,1.440.000.000
Leuven,105.000.000
Melbourne,574.000.000
Hong Kong Island,12000000
Pittsburgh,418.000.000
San Francisco,1.160.000.000
Patras,15.400.000
Hefei City,9.240.000
Hsinchu,21.500.000
New Hampshire,307.000.000
New York,3.550.000.000
Athens,293.000.000
Sydney,769.000.000
Wuhan,216000000
Santa Barbara,229.000.000
Seattle,841.000.000
Uppsala,118.000.000
Washington,1.990.000.000
Tallinn,129.000.000
Bangkok,241.000.000
Hyderabad,379.000.000
Santiago,580.000.000
Turku,76.700.000
Stirling,134.000.000
Versailles,138.000.000
Belfast,206.000.000
Jiangmen,12.900.000
Monterey County,66.900.000
Augsburg,109.000.000
Maputo,28.900.000
Brisbane City,168.000.000
Xi'an,582.000.000
Oulu,45.500.000
Budapest,234.000.000
Worcester,144.000.000
Zagreb,338.000.000
Toulouse,267.000.000
Sendai,44.500.000
Bengaluru,199.000.000
Aachen,125.000.000
Tokyo,730.000.000
Venice,260.000.000
Florence,337.000.000
Grenoble,141.000.000
Haifa,53.000.000
Palo Alto,188.000.000
London,2.310.000.000
Barcelona,797.000.000
Burgos,108.000.000
Long Beach,1.360.000.000
Los Angeles,1.280.000.000
Jyväskylä,29.200.000
Rome,674.000.000
Minneapolis,298.000.000
Edinburgh,656.000.000
Udine,70.900.000
Tianjin,56.100.000
Moscow,332.000.000
Nara,143.000.000
Alexandria,229.000.000
Toronto,893.000.000
Helsinki,260.000.000
Yokohama,3.350.000.000
Beijing,352.000.000
Vancouver,539.000.000
Salvador,696.000.000
Kobe,169.000.000
Saarbrücken,63.800.000
Montreal,470.000.000
Marrakesh,19.000.000
Novosibirsk,26.200.000
Tanta,240.000.000
Nairobi,145.000.000
Antalya,170.000.000
Munich,325.000.000
Detroit,367.000.000
Kollam,47.000.000
Regensburg,99.900.000
Boston,1.170.000.000
Seoul,305.000.000
New Brunswick,240.000.000
Cambridge,1.240.000.000
Fullerton,71.300.000
Aegean,61.600.000
Scotland,597.000.000
Houston,875.000.000
Bern,203.000.000
San Diego,868.000.000
Kilkenny,40.000.000
Norfolk,322.000.000
Lyon,460.000.000
Madrid,970.000.000
Dublin,608.000.000
San Jose,484.000.000
Victoria,1.090.000.000
Atlanta,770.000.000
San Antonio,645.000.000
Orlando,506.000.000
Creully sur Seulles,191.000
Perth,265.000.000
Galway,95.100.000
Gaithersburg,37.200.000
Paris,1.760.000.000
Dallas,826.000.000
Salamanca,154.000.000
Annecy,78.900.000
Buenos Aires,316.000.000
Alberta,353.000.000
Arlington,233.000.000
Adelaide,281.000.000
Szeged,32.400.000
Winnipeg,186.000.000
Madison,573.000.000
Palm Springs,137.000.000
New Delhi,669.000.000
Maui County,35.200.000
Anchorage,134.000.000
Heidelberg,231.000.000
New Orleans,383.000.000
Palma,283.000.000
Utrecht,191.000.000
Enschede,44.700.000
Miami,775.000.000
Yongsan-gu,3.820.000
Nice,2.620.000.000
College Station,551.000.000
California,3.130.000.000
Bucharest,103.000.000
Prague,755.000.000
Amsterdam,613.000.000
Hakodate,10.300.000
Rotterdam,214.000.000
Warsaw,171.000.000
Baltimore,451.000.000
Turin,116.000.000
Ottawa,314.000.000
Sofia,336.000.000
Edmonton,277.000.000
Cincinnati,300.000.000
Taipei,235.000.000
Gevaş,1.420.000
Vienna,426.000.000
Atlantic City,390.000.000
Rio de Janeiro,358.000.000
Trier,126.000.000
Lake Garda,17.100.000
Birmingham,500.000.000
Burlington,180.000.000
Florida,1.600.000.000
Arequipa,67.500.000
Shizuoka,38.800.000
Hammamet,8.300.000
Bratislava,115.000.000
Kyoto,183.000.000
Málaga,138.000.000
Colmar,49.600.000
Mumbai,577.000.000
Addison,174.000.000
Saint Louis,336.000.000
Philadelphia,748.000.000
Milan,484.000.000
Salerno,104.000.000
Denver,509.000.000
Fredericton,130.000.000
Naples,173.000.000
Kos Regional Unit,3.240.000
Jeju,42.100.000
A Coruña,114.000.000
Geneva,364.000.000
Chongqing,51.100.000
Aarhus,109.000.000
Valencia,451.000.000
Rehovot,5.680.000
Honolulu,138.000.000
Maringá,52.400.000
Porto,495.000.000
Halifax,158.000.000
Marseille,254.000.000
Sorrento,254.000.000
Frankfurt,368.000.000
Pacific Grove,76.600.000
Delft,103.000.000
Hiroshima,92.400.000
Saint Petersburg,118.000.000
Auckland,183.000.000
Lille,236.000.000
Liverpool,465.000.000
Gwangju,14.000.000
Guilin,15.100.000
Exeter,148.000.000
City of Brussels,188.000.000
Dusseldorf,59.300.000
Waikoloa Village,1.590.000
Osaka Prefecture,53.700.000
Park City,1.730.000.000
Salt Lake City,269.000.000
Ann Arbor,193.000.000
Kansas City,466.000.000
Guangzhou,103.000.000
Eindhoven,114.000.000
Chennai,397.000.000
Carlsbad,80.400.000
York,3.210.000.000
Region of Crete,65.500.000
Dakar,122.000.000
Ho Chi Minh City,76.200.000
Jaipur,184.000.000
Stockholm,471.000.000
Oakland,266.000.000
Bologna,234.000.000
Braga,132.000.000
Brighton,211.000.000
Macau,184.000.000
Canterbury,160.000.000
Shanghai,352.000.000
Graz,129.000.000
Copenhagen,272.000.000
Taichung,34.300.000
Shenzhen,110.000.000
Würzburg,106.000.000
Varna,85.500.000
Kaohsiung,34.200.000
Como,6.020.000.000
Bari,215.000.000
Karachi,175.000.000
Kunming,16.900.000
Pisa,189.000.000
Aspen,143.000.000
Krakow,113.000.000
Ljubljana,97.600.000
Corvallis,28.200.000
Seville,86.400.000
Split,1.320.000.000
Genoa,85.000.000
Antwerp,374.000.000
Gothenburg,73.900.000
Timișoara,17.100.000
Higüey,4.550.000
Morgantown,30.300.000
Newcastle upon Tyne,68.900.000
Davis,794.000.000
Sacramento,349.000.000
Iowa City,354.000.000
Larnaca,18.200.000
Daejeon,18.600.000
Cancun,124.000.000
Thessaloniki,64.100.000
Salt Lake County,141.000.000
Bergen,244.000.000
São Paulo,476.000.000
Durham,277.000.000
College Park,885.000.000
Chiba,105.000.000
Texas,1.840.000.000
Limassol,36.100.000
Opatija,11.500.000
Ulsan,12.500.000
Mestre,121.000.000
Jacksonville,209.000.000
The Hague,143.000.000
Milwaukee,360.000.000
Cleveland,440.000.000
Bilbao,1.070.000.000
Santa Clara County,71.100.000
Qingdao City,14.800.000
Essen,508.000.000
Dalian,28.500.000
Leipzig,249.000.000
Quebec,402.000.000
Guanliping Subdistrict,449
Jinan City,8.610.000
Longhu Subdistrict,61.500
Chengdu City,33.300.000
Cupertino,40.100.000
Dresden,186.000.000
Nanjing City,27.600.000
Istanbul,424.000.000
Wallis,261.000.000
Münster,141.000.000
Salzburg,136.000.000
Fairfax,123.000.000
Lanzhou,10.400.000
Massachusetts,1.080.000.000
Gold Coast,390.000.000
Magdeburg,81.700.000
Hawaii,675.000.000
New Mexico,1.550.000.000
Rethymno,6.690.000
okres Jablonec nad Nisou,2.450.000
Medford,78.500.000
Harbin,27.500.000
Chiang Mai,53.400.000
Cape Town,406.000.000
Basel,250.000.000
Kuala Lumpur,149.000.000
Phuket Province,17.300.000
Cairns,129.000.000
Albi,59.900.000
Tucson,213.000.000
Tampa,339.000.000
Orleans,420.000.000
Lugano,64.100.000
Nagoya,98.000.000
Vigo,110.000.000
Yinchuan City,1.700.000
Zhangjiajie,4.830.000
Batumi,14.400.000
Mação,174.000.000
Dunedin,56.400.000
Pasadena,136.000.000
Samos Regional Unit,1.340.000
Manchester,14.220.000.000
Sousse,14.000.000
Pomona,59.000.000
Coimbatore,125.000.000
Valletta,28.300.000
Tsuen Wan,12.600.000
Orange County,729.000.000
Mianyang,2.680.000
Gemeinde Sölden,414.000
Villach,20.700.000
Memphis,246.000.000
Bali,347.000.000
Nanchang,9.640.000
Covington,81.700.000
Shanhua District,774.000
Xiamen City,13.500.000
Foster City,315.000.000
Calgary,297.000.000
Hunan,60.000.000
Angers,122.000.000
Castile and León,77.100.000
Amherst,111.000.000
Oita Prefecture,5.150.000
Penang,93.400.000
Ulster County,44.900.000
Cairo,204.000.000
Phoenix,723.000.000
Florianópolis,82.300.000
City of Schenectady,14.000.000
Verona,162.000.000
Ulm,120.000.000
Lausanne,135.000.000
Goa,253.000.000
Tehran,116.000.000
Nafpaktos,1.090.000
Achrafieh,2.350.000
Corfu Regional Unit,1.220.000
Granada,189.000.000
Vilnius,107.000.000
Dubrovnik,48.100.000
Kashiwa,8.660.000
Goochland County,2.680.000
Maoming City,3.410.000
Muroran,1.350.000
Oak Ridge,143.000.000
Gran,1.450.000.000
Raleigh,213.000.000
Shenyang City,10.300.000
Dadri,10.100.000
Thira Municipal Unit,44.800
Mrągowo,8.300.000
Nanping City,3.400.000
Bergamo,116.000.000
Palermo,179.000.000
Kuching,40.800.000
San Juan,458.000.000
Baoding City,2.750.000
City of Cape Town,224.000.000
Limerick,93.200.000
Cascais,29.700.000
Umeå,45.100.000
Fuzhou,18.200.000
Manuf,25.900.000
Gdansk,66.800.000
Zhuhai,14.600.000
Bielefeld,103.000.000
okres Šumperk,7.990.000
Dhaka,151.000.000
Funchal,26.000.000
Toyama Prefecture,6.710.000
Datong,6.100.000
Bamberg,56.500.000
Nantes,186.000.000
Redondo Beach,28.300.000
Casablanca,113.000.000
Oldenburg,83.800.000
Indianapolis,270.000.000
Lawrence,568.000.000
Yantai City,3.130.000
Nashville,340.000.000
Tallahassee,110.000.000
Napa,111.000.000
Notre Dame,1.740.000.000
Hanover,128.000.000
Kauaʻi County,9.790.000
Monastir,17.000.000
Bolzano - Bozen,12.200.000
West Bengal,216.000.000
Sapporo,74.200.000
Princeton,383.000.000
Reno Lake,89.200.000
Reno,212.000.000
Fort Worth,303.000.000
Batna,9.010.000
Yiyang,3.930.000
Hanoi,122.000.000
Clearwater,124.000.000
Belo Horizonte,130.000.000
Coronado,76.600.000
Coventry,138.000.000
Sitges,18.000.000
Boca Raton,120.000.000
Muscat,97.500.000
Ghent,62.400.000
Cardiff,181.000.000
Haikou City,3.140.000
Piraeus,17.100.000
Beppu,8.390.000
Daegu,24.400.000
Hangzhou City,29.700.000
Marburg,61.600.000
Lima,671.000.000
Pafos,4.860.000
Cholula de Rivadavia,646.000
Reedy Creek Improvement District,1.010.000
Irvine,211.000.000
Nicosia,50.500.000
Yunnan,43.300.000
Joinville,65.200.000
Kharagpur,30.800.000
Kaiserslautern,43.900.000
Heraklion,29.000.000
Fukuoka Prefecture,16.800.000
Queensland,245.000.000
Triest,11.200.000
Brunswick,231.000.000
Charlotte,706.000.000
Tsukuba,23.300.000
La Jolla,124.000.000
Le Gosier,5.460.000
Aberystwyth,14.700.000
Interlaken,22.200.000
Linz,124.000.000
Miyazaki,69.400.000
Islamabad,108.000.000
Swansea,110.000.000
Krabi Province,7.200.000
Dubai,639.000.000
Wellington,275.000.000
Porto Santo,119.000.000
Poitiers,77.200.000
Johannesburg,162.000.000
Lake Tahoe,57.600.000
Oslo,263.000.000
Medina County,34.600.000
Newark,176.000.000
Gaziantep,102.000.000
Ostrava,71.400.000
Bochum,101.000.000
Lieksa,2.360.000
Constanța,14.700.000
Norrköping,32.700.000
Savannah,264.000.000
Hamburg,481.000.000
Michigan,958.000.000
Montevideo,104.000.000
Reggio Calabria,48.000.000
Wroclaw,81.600.000
Wollongong City Council,4.820.000
Albuquerque,171.000.000
Oxford,1.230.000.000
Karlsruhe,153.000.000
Xuzhou,6.230.000
Havana,111.000.000
Niagara Falls,117000000
Cádiz,82.600.000
Tehri,12.400.000
Egham,6.400.000
Hamilton,722.000.000
Malmo,30.900.000
North Carolina,727.000.000
Bremen,212.000.000
Jounieh,3.210.000
Jiangxi,16.700.000
Fort Collins,116.000.000
Columbia County,298.000.000
Nottingham,177.000.000
Hailar District,462.000
Girona,103.000.000
Busan,70.400.000
Reykjavik,51.000.000
Charleston,188.000.000
Doha,140.000.000
Hildesheim,34.100.000
Fez,364.000.000
Pune,518.000.000
French Polynesia,171.000.000
Ji'an City,1.940.000.000
Evanston,64.400.000
Padua,46.700.000
Grafton County,13.200.000
Iași,18.100.000
Asan-si,17.500.000
Omaha,167.000.000
Cocoa Beach,60.600.000
Changzhou,10.200.000
Zurich,230.000.000
Hainan Province,9.120.000
Lancaster,199.000.000
Loughborough,40.800.000
Halmstad,24.900.000
Cagliari,103.000.000
Kolonnawa,1.430.000
Dongguan,12.000.000
Stavanger,68.100.000
Nagano Prefecture,11.700.000
Fasano,14.500.000
Armação dos Búzios,4.820.000
Hillsborough County,44.200.000
San Francisco Bay,312.000.000
Williamsburg,81.500.000
Kumamoto Prefecture,6.230.000
Nuremberg,75.300.000
Amman,238.000.000
St Andrews,190.000.000
Gangnam-gu,11.000.000
Donostia / San Sebastián,13.400.000
Matsue,4.670.000
Newcastle,1.650.000.000
Rockville,1.550.000.000
Plainsboro Township,1.830.000
Las Cruces,129.000.000
Antibes,39.400.000
Giza,62.600.000
Ustroń,7.460.000
Kassel,119.000.000
Tampere,107.000.000
Newport Beach,201.000.000
Odense,59.000.000
Poprad,29.700.000
Castelló / Castellón,16.200.000
Guadalajara,1.210.000.000
Bordeaux,263.000.000
Sheffield,1.220.000.000
Pahang,38.200.000
Rennes,1.260.000.000
Caserta,59.100.000
Nanning,8.390.000
San Miniato,5.870.000
Yangzhou City,14.000.000
Suzhou City,17.900.000
Haiphong,15.900.000
Tozeur,3.910.000
Redwood City,114.000.000
Gyeongju-si,1.250.000
Providence,1.360.000.000
Essex County,144.000.000
Capital Regional District,948.000.000
Valparaíso,70.000.000
Zaragoza,152.000.000
Bristol,2.270.000.000
Toruń,54.500.000
Trabzon,144.000.000
City of Bradford,204.000.000
Trondheim,57.400.000
Trujillo,105.000.000
Quarteira,4.450.000
Paraty,13.000.000
Okinawa Prefecture,17.200.000
Guiyang,9.610.000
Kharkiv,48.200.000
Pavia,118.000.000
Roskilde,30.900.000
Cali,1.430.000.000
Jammu,1.100.000.000
Bhubaneswar (M.Corp.),1.010.000
Montpellier,1.340.000.000
Belgrade,122.000.000
Scottsdale,111.000.000
Rotorua District,3.990.000
Bhopal,132.000.000
Santo André,150.000.000
Gdynia,56.000.000
Kitakyushu,9.910.000
City of Troy,971.000.000
Ohrid,8.180.000
City of Subotica,4.400.000
Passau,45.700.000
Mahdia,6.930.000
Okayama,37.400.000
Štrba,1.580.000
Grasse,101.000.000
Baltimore County,2.460.000.000
Guildford,83.700.000
Mangalore,107.000.000
Municipality of Syros and Ermoupoli,195.000
Taormina,20.400.000
Parma,800.000.000
Paderborn,57.800.000
Wiener Neustadt,15.900.000
Tangier,12.200.000
Kinsale,7.550.000
Bournemouth,124.000.000
Bellevue,558.000.000
Torcy,6.610.000
Hongzhou,1.070.000
Town of Yorktown,11.000.000
Luoyang,6.490.000
Rabat,293.000.000
Sedona,62.200.000
Boone,310.000.000
Iowa,2.370.000.000
Riva del Garda,10.400.000
Wailea,5.390.000
Eugene,2.490.000.000
Taiyuan,7.810.000
Columbus,2.170.000.000
Cannes,1.520.000.000
Abu Dhabi,1.270.000.000
Changchun City,7.850.000
Lixouri,806.000
Ithaca,138.000.000
Syracuse,167.000.000
Los Angeles County,2.150.000.000
Đà Nẵng,122.000.000
Darmstadt,268.000.000
Naha,49.000.000
Bloomington,1.010.000.000
Huangshan City,3.060.000
Guangling County,57.200
Recife,214.000.000
Linköping,48.500.000
Kreis Coesfeld,4.810.000
Kuantan,31.700.000
Santa Rosa,1.660.000.000
Chania,25.900.000
Mbombela,5.030.000
Rapid City,493.000.000
Vail,60.500.000
Livorno,68.900.000
Boulder,1.610.000.000
Annapolis,118.000.000
Biarritz,40.500.000
Rochester,318.000.000
Angra do Heroísmo,5.460.000
Jabalpur,89.200.000
Huntsville,148.000.000
Clemson,116.000.000
Castel San Niccolò,958.000
Galicia,895.000.000
Ruse,57.300.000
Nakhon Ratchasima Province,1.070.000
Niigata Prefecture,8.450.000
Lubbock,120.000.000
Chester,1.650.000.000
Provincia di Trento,40.400.000
City of Albany,1.350.000.000
Évora,17.900.000
Fortaleza,191.000.000
Vysoké Tatry,7.520.000
Ajaccio,34.900.000
West Lafayette,319.000.000
San Luis Potosi,32.800.000
Almada,29.000.000
Kristiansand,28.900.000
Dayton,1.330.000.000
Mount Pleasant,113.000.000
Regina,1.790.000.000
Kochi,388.000.000
Thiruvananthapuram,67.200.000
Maastricht,162.000.000
Uttar Pradesh,279.000.000
Modena,208.000.000
Larissa,96.000.000
Municipal District of Bighorn,1.230.000
Beja,24.700.000
Las Palmas de Gran Canaria,63.800.000
Killarney,21.100.000
Sanya City,9.820.000
Cebu City,128.000.000
Stowe,31.900.000
Kaunas,48.300.000
Ginowan,844.000
Nassau,302.000.000
Huntington Beach,86.300.000
Wuxi City,8.900.000
Tacoma,123.000.000
City of Kragujevac,4.240.000
Virginia,1.050.000.000
Poultney,1.550.000
Suita,20.100.000
Takamatsu,10.200.000
Suwon-si,4.590.000
Zonguldak,55.000.000
Bar,578.000.000
Laguna Hills,38.400.000
Bridgeport,76.100.000
Ouagadougou,19.100.000
Greater Noida,108.000.000
Assisi,38.900.000
Yangsan-si,656.000
Ribeirão Preto,127.000.000
Općina Konavle,170.000
Riga,159.000.000
Erfurt,110.000.000
Bogota,183.000.000
Charlottesville,127.000.000
Göttingen,97.700.000
Palmerston North City,13.200.000
Kallithea,6.320.000
Łódź,106.000.000
Buffalo,2.020.000.000
Geseke,4.050.000
Dortmund,1.140.000.000
Medellín,142.000.000
Bowling Green,1.260.000.000
Lillehammer,14.400.000
Bandung,159.000.000
Chapel Hill,1.340.000.000
Liaoning,16.900.000
Perpignan,67.300.000
Special Region of Yogyakarta,10.400.000
Mentor Township,21.900.000
Central Province,3.450.000.000
Ilmenau,7.920.000
State College,2.870.000.000
Taoyuan City,11.000.000
Maribor,33.000.000
St. John's,1.260.000.000
Roorkee,37.000.000
Košice,41.900.000
L'Aquila,116.000.000
Zhongli District,1.040.000
Burlingame,28.100.000
Lihue,4.900.000
Puducherry,57.300.000
Nusa Dua,27.800.000
Albertville,15.900.000
Colorado Springs,1.200.000.000
Ravenna,117.000.000
City of Parramatta Council,4.060.000
Constance,122.000.000
Indore,1.080.000.000
Delhi,989.000.000
Aomori Prefecture,5.280.000
Puerto de la Cruz,728.000.000
Tartu,78.400.000
Waltham,88.700.000
Guwahati,120.000.000
Espoo,46.700.000
Bucks County,93.400.000
Glendale,219.000.000
Salford,54.500.000
Nangarhar Province,1.940.000
Santiago de Compostela,62.300.000
Fort Lauderdale,128.000.000
Bonn,1.650.000.000
Ouarzazate,6.020.000
Zhengzhou,18.700.000
Kurashiki,6.600.000
Malatya,107.000.000
Raipur,109.000.000
Pau,1.470.000.000
Pirenópolis,3.150.000
Barranquilla,84.900.000
Panama,2.480.000.000
Pattaya City,21.000.000
Laval,450.000.000
Cartagena,297.000.000
Jalisco,201.000.000
Tel Aviv-Yafo,8.310.000
Yaroslavl,6.490.000
Nancy,2.240.000.000
Silver Spring,2.180.000.000
Punjab,271.000.000
Saint-Malo,61.000.000
Curitiba,1.120.000.000
Aalborg,58.300.000
Jerusalem,1.480.000.000
Skamania County,1.240.000
Листвянское городское поселение,34.600
Setúbal,20.300.000
Eilat,21.900.000
Tarragona,107.000.000
Bottrop,19.300.000
Urbino,37.700.000
Nerja,12.600.000
Urbana,1.920.000.000
Surakarta,39.100.000
Muğla,110.000.000
Kiawah Island,4.920.000
Tysons,15.500.000
Sivas,79.400.000
Beaumontois en Périgord,118.000
Derby,251.000.000
Olomouc,53.000.000
Lutsk,5.210.000
Phnom Penh,34.900.000
Hobart,97.600.000
DuPage County,9.520.000
Saint Paul,2.110.000.000
Kennesaw,31.100.000
Crans-Montana,5.760.000
Tilburg,95.100.000
Kazan,110.000.000
Saint-Étienne,85.300.000
Viareggio,20.600.000
Cluj-Napoca,40.400.000
Ghaziabad,115.000.000
Moncton,56.500.000
Fremantle,27.700.000
Illinois,760.000.000
Piran / Pirano,544.000
Chemnitz,89.800.000
Chon Buri Province,2.960.000
Auburn,1.170.000.000
Cottbus - Chóśebuz,125.000
Siem Reap,15.800.000
Kedah,49.300.000
Konya,119.000.000
Brest,652.000.000
Valladolid,108.000.000
Kayseri,167.000.000
Tahoe City,105.000.000
Königswinter,5.920.000
Whistler Resort Municipality,1.270.000
Kota Kinabalu,30.200.000
Namur,43.800.000
Guayaquil,78.900.000
Weybridge,7.630.000
Santa Fe,425.000.000
Voss,114.000.000
Xincheng,2.130.000
Yekaterinburg,16.300.000
Khon Kaen Province,1.280.000
Kanazawa,35.700.000
Norwich,1.310.000.000
El Carmen,1.340.000.000
West Haven,2.220.000.000
Miami Beach,1.620.000.000
City of Saratoga Springs,24.100.000
Hendaye,6.450.000
Cusco,62.200.000
Pardubice,37.900.000
Lafayette,1.200.000.000
Menlo Park,57.100.000
Tainan,25.000.000
Compiègne,44.200.000
Arcachon,19.900.000
Coimbra,79.300.000
Shiraz,58.500.000
Nevşehir,55.000.000
Reims,102.000.000
Colima,73.900.000
Izmir,1.130.000.000
Christchurch,123.000.000
Brixen - Bressanone,7.590.000
Guimarães,77.400.000
Lido,189.000.000
Guangdong Province,31.500.000
Armenia,2.200.000.000
Kokubunji,1.660.000
Nagaoka,10.600.000
Calitzdorp,564.000
Odesa,17.900.000
Qinhuangdao City,3.620.000
Cha-am,2.290.000.000
Besançon,55.400.000
Budva,13.600.000
El Paso,2.560.000.000
Aveiro,44.000.000
Ayia Napa,8.240.000
Rzeszów,62.800.000
Macedonia and Thrace,4.150.000
Chigasaki,3.900.000
Freiburg im Breisgau,28.600.000
Rende,1.230.000.000
Kowloon,54.700.000
Alabama,2.350.000.000
Cork,1.370.000.000
Kiel,119.000.000
High Point,3.620.000.000
Santa Monica,1.220.000.000
Albemarle County,7.620.000
Broomfield,30.200.000
Rincón,145.000.000
Mashhad,18.100.000
Saasveld,471.000
Yongin-si,1.750.000
Kolkata,295.000.000
Mexico City,1.110.000.000
Hohhot,3.460.000
Mantua,14.100.000
Sankt Goar,1.140.000
Isfahan,26.400.000
Idaho,413.000.000
Hillsboro,54.800.000
Hagen,219.000.000
Kaifeng,6.060.000
New Taipei,899.000.000
Debrecen,44.400.000
Rapallo,8.210.000
Leeds,1.560.000.000
Cologne,148.000.000
Metz,580.000.000
Gainesville,264.000.000
Togo,2.160.000.000
Córdoba,173.000.000
Caen,1.200.000.000
Hatfield,65.000.000
Porto Alegre,402.000.000
Addis Ababa,45.900.000
Springfield,253.000.000
Visby,19.900.000
Queenstown,52.700.000
Santander,1.690.000.000
Rostock,119.000.000
British Columbia,477.000.000
Dar es-Salaam,73.400.000
Galveston,119.000.000
Potsdam,117.000.000
Ningbo,22.000.000
Querétaro,124.000.000
Perugia,128.000.000
Osaka,1.500.000.000
Arras,64.200.000
Coquimbo Region,14.000.000
Dijon,373.000.000
Ermioni,771.000
Ischia,20.600.000
Clermont,364.000.000
Erie County,126.000.000
District of Trnava,3.730.000
Town of Oyster Bay,30.600.000
Vellore,61.300.000
Town of Woodbury,12.100.000
okres Vsetín,4.150.000
Maceió,40.600.000
Yonago,2.970.000
Rio Grande,870.000.000
Shah Alam,89.800.000
Gwynedd,14.000.000
Natal,333.000.000
Pretoria,114.000.000
Brunswick County,1.280.000.000
Vicenza,112.000.000
Strasbourg,1.570.000.000
Ambleside,7.070.000
Schwerin,33.200.000
Thunder Bay,256.000.000
South Hams,1.230.000.000
Porto de Galinhas,7.410.000
Al Batayih,223.000
Toledo,1.370.000.000
Aqaba,41.500.000
Irsee,746.000
Viña del Mar,47.000.000
Bethesda,2.030.000.000
Concepción,1.100.000.000
Virginia Beach,1.530.000.000
Uberlândia,82.300.000
Knoxville,680.000.000
Southampton,1.650.000.000
Białystok,66.500.000
San Carlos de Bariloche,8.640.000
St. Gallen,126.000.000
Nijmegen,85.300.000
Utah,737.000.000
Aberdeen City,163.000.000
Vic,345.000.000
Zadar,29.300.000
Toyonaka,3.050.000
Charlotte Amalie,5.120.000
Puerto Vallarta,49.600.000
Boise,709.000.000
Hartford,137.000.000
Malacca,25.600.000
Pyeongchang-gun,1.210.000
Kawasaki,121.000.000
Vannes,50.200.000
Sogndal,4.440.000
Druskininkai,7.610.000
County Durham,442.000.000
Lahaina,7.570.000
San Cristóbal,167.000.000
Luxembourg,2.500.000.000
Balearic Islands,28.600.000
Lijiang City,9.710.000
Valbonne,6.140.000
Santa Cruz County,339.000.000
Chatham,230.000.000
Stockport,47.900.000
Cuernavaca,41.800.000
Nagpur,357.000.000
Panaji,16.700.000
Jersey City,2.370.000.000
Baden-Baden,1.480.000.000
Rustenburg,16.200.000
Greenbelt,45.700.000
Milpitas,22.700.000
Międzyzdroje,8.830.000
Klagenfurt,47.300.000
Pylos,2.760.000
Big Sky,897.000.000
gmina Rytro,129.000
Incheon,41.400.000
Anhui,25.300.000
Ilulissat,2.380.000
Skövde,12.500.000
Ancona,113.000.000
Komae,916.000
Hoboken,145.000.000
Portsmouth,751.000.000
Changde,34.400.000
Messina,122.000.000
White Plains,171.000.000
Oklahoma City,1.930.000.000
Yeosu-si,969.000
Verwaltungsgemeinschaft Salem,55.400
Warangal,35.600.000
Southwest,2.270.000.000
Fujian,30.600.000
Gargnano,2.600.000
Kamakura,18.900.000
Plymouth,1.300.000.000
Ulaanbaatar,20.600.000
Saxony,39.900.000
Takayama,34.000.000
Famagusta,14.300.000
Kingston,247.000.000
Costa da Caparica,4.560.000
Talence,7.470.000
Ortahisar Beldesi,93.800
Costa Mesa,1.030.000.000
Fukushima,107.000.000
Almeria,57.400.000
Palisades,39.900.000
Ayer Keroh,4.200.000
Stamford,104.000.000
Accra,73.200.000
Tunis,120.000.000
Napoli,1.300.000.000
Sanremo,51.300.000
Petrozavodsk,3.610.000
Sharjah,78.300.000
Noosa Shire,589.000
Davos,77.400.000
Goyang-si,7.870.000
Hualien County,2.300.000
Kandy,35.100.000
Sparks,195.000.000
Cookeville,11.500.000
Caapiranga,192.000
Çeşme,30.800.000
Columbia,2.750.000.000
Lutherstadt Wittenberg,4.210.000
Port Said,1.890.000.000
Tullahoma,4.880.000
Volgograd,18.800.000
Mangaratiba,3.330.000
Neuchâtel,25.900.000
Windsor,1.290.000.000
Ciechocinek,4.420.000
George Town,629.000.000
Claremont,82.500.000
Anaheim,108.000.000
Blumenau,43.200.000
منارة الحمامات,1.790.000
Municipality of Platanias,790.000
Plzeň,57.300.000
South Bend,1.310.000.000
Schaumburg,45.600.000
Covilhã,12.000.000
Novi Sad,61.500.000
Seogwipo-si,900.000
Tétouan,9.590.000
Apizaco,4.300.000
Alagoas,119.000.000
Valdivia,53.100.000
Siena,248.000.000
Nizhny Novgorod,7.690.000
okres Trutnov,3.070.000
Bertinoro,2.600.000
Bezirk Urfahr-Umgebung,795.000
San José,1.960.000.000
Roanoke,125.000.000
Noordwijk,11.800.000
Conway,1.060.000.000
Missouri City,2.860.000.000
Monticello,43.300.000
Greenville,1.360.000.000
Sliema,15.000.000
Acapulco,122.000.000
Montreux,30.600.000
Rovaniemi,18.600.000
Ouro Preto,71.000.000
Boppard,4.440.000
Garching bei München,8.640.000
Kathmandu,92.300.000
Mountain View,3.050.000.000
Athlone,18.700.000
Rimini,109.000.000
Santos,2.760.000.000
Kanpur,122.000.000
Chalkida,3.150.000
Maebashi,4.660.000
Wörthsee,1.350.000
Puebla,1.050.000.000
Town of Rye,39.800.000
Cardona,198.000.000
Koblenz,94.600.000
Algiers,32.000.000
Aizuwakamatsu,1.650.000
Starnberg,18.500.000
Herndon,37.700.000
Eastsound,1.140.000
Chiang Rai Province,3.300.000
Nha Trang,126.000.000
Craiova,29.700.000
Duisburg,113.000.000
Riccione,12.100.000
Aksaray,53.900.000
Cherbourg-en-Cotentin,9.890.000
Sinaia,7.060.000
Phường Chính Gián,138.000.000
Santa Cruz de Tenerife,63.300.000
Ifrane,3.700.000
Verbano-Cusio-Ossola,16.100.000
Vouliagmeni Municipal Unit,10.900
Fontainebleau,32.800.000
Zaros,2.080.000
Leiden,239.000.000
Daskroi Taluka,120.000
Volos,16.700.000
Islands District,3.690.000.000
Stuttgart,1.720.000.000
Bled,93.600.000
Liège,86.800.000
Kyiv,150.000.000
Memphrémagog,1.230.000
Sens,384.000.000
Dolores Hidalgo,9.910.000
Northern,2.930.000.000
Zeist,15.700.000
Lviv,40.400.000
Kailua-Kona,7.820.000
Malang,119.000.000
Rogers,388.000.000
Agadir,28.500.000
São Luís,1.480.000.000
Vilanova i la Geltrú,6.520.000
Prato,549.000.000
Sabah,182.000.000
Campinas,291.000.000
Huangshi,1.900.000
Tripoli,42.400.000
Mérida,105.000.000
Toulon,127.000.000
Lund,1.270.000.000
Iwaki,9.060.000
Çankaya,59.400.000
Destin,111.000.000
Bautzen - Budyšin,215.000
Sibiu,31.800.000
Orléans,121.000.000
Tottori Prefecture,4.370.000
Napa County,83.600.000
Ontario,2.420.000.000
Calbuco,3.220.000
Bozeman,67.900.000
Gatineau,68.300.000
Louisville,1.370.000.000
Mansoura,7.780.000
Hengchun,994.000
New Jersey,2.690.000.000
Santo Domingo,201.000.000
Haldia,12.700.000
Irkutsk,22.800.000
Xiangtan,1.850.000
Manila,270.000.000
Bintan,9.220.000
Yilan City,4.270.000
Minato,60.400.000
Calimanesti,1.460.000
Fukui Prefecture,4.420.000
Rovereto,12.100.000
Balatonfüred,7.060.000
Trani,31.700.000
Odisha,1.340.000.000
Putrajaya,37.700.000
Blois,33.500.000
Santa Clara,234.000.000
Ecatepec,90.100.000
Torino,1.290.000.000
Punta Arenas,30.300.000
Indian Wells,258.000.000
Villa San Giovanni,46.900.000
Cumbria,42.100.000
Ishikawa,124.000.000
Adeje,11.800.000
Mormugao,864.000
Kassandra Municipality,835.000
Baton Rouge,604.000.000
Lake Maggiore,11.200.000
Guelph,103.000.000
Tezpur,17.500.000
North District,4.530.000.000
Murakami,66.000.000
Paraná,994.000.000
Zakynthos Regional Unit,132.000
Groningen,330.000.000
Saskatoon,120.000.000
Alès,12.900.000
Mansfield,624.000.000
Nebraska,2.040.000.000
England,2.310.000.000
Breckenridge,30.100.000
Sardinia,117.000.000
Trois-Rivières,36.800.000
Lucerne,51.500.000
Beirut,252.000.000
João Pessoa,304.000.000
Gemeinde Fallbach,41.600
Chersonisos Municipal Unit,26.200
okres Žďár nad Sázavou,2.610.000
Llandudno,11.500.000
Bloomingdale,22.900.000
Skopje,46.000.000
Bar Harbor,1.230.000.000
Ürümqi,1.040.000
San Diego County,1.560.000.000
Maryland,2.630.000.000
Beverly Hills,1.110.000.000
Cergy,29.300.000
Colchester,106.000.000
Tulsa,1.150.000.000
Chattanooga,163.000.000
Bahía Blanca,21.500.000
Ankara,297.000.000
Bad Aussee,2.000.000
Calabria,128.000.000
Albufeira,20.800.000
Tetovo,3.880.000
Yichang,3.160.000
Pontypridd,7.210.000
Tegernsee,10.900.000
Sunderland,96.900.000
Saarland,110.000.000
Aosta Valley,7.180.000
Villeurbanne,33.600.000
Phetchaburi Province,3.630.000
Leyden Township,884.000
Leicester,181.000.000
Onondaga County,6.770.000
Torremolinos,19.400.000
Lagos,1.460.000.000
City of Sarajevo,26.600.000
Bahir Dar Special Zone,520.000
Municipality of Mykonos,350.000
Singapore,3.380.000.000
Imbana,164.000
Madurai,106.000.000
Lahore,137.000.000
Tempe,318.000.000
Estes Park,35.900.000
Kamloops,40.000.000
Oisterwijk,4.920.000
Luton,129.000.000
Deauville,24.300.000
Minsk,80.200.000
Arles,38.600.000
Newfoundland and Labrador,94.600.000
Scarborough,249.000.000
Nimes,51.900.000
Hyères,14.500.000
Siegen,63.400.000
Guanajuato,176.000.000
Västerås,31.600.000
Ames,173.000.000
Christ Church,1.450.000.000
Huangzhou District,203.000
Kenitra,7.000.000
Hachioji,7.350.000
Durban,114.000.000
Vijayawada,118.000.000
Sundsvall,20.600.000
Catalonia,60.800.000
Coeur d'Alene,15.600.000
Changle,2.320.000
Avignon,137.000.000
Mysuru,32.300.000
Saint Augustine,47.500.000
Ullapool,2.520.000
Tirana,45.500.000
Bruges,127.000.000
Weihai,3.990.000
Tuxtla Gutiérrez,18.100.000
Beverly,236.000.000
Piscataway Township,17.600.000
Bydgoszcz,97.500.000
Alicante,961.000.000
Sarajevo,110.000.000
Rhode Island,1.530.000.000
Palladam,6.180.000
Kielce,60.300.000
Regional Unit of South Athens,7.090.000
Cary,1.460.000.000
Tours,687.000.000
Mendoza,176.000.000
Iskandar Puteri,4.960.000
Ishigaki,7.510.000
Ypsilanti,12.100.000
Mureș,44.900.000
Robeson County,7.040.000
Suffolk County,116.000.000
Matsushima,16.700.000
Cape May,2.380.000.000
Jakarta Special Capital Region,16.300.000
Chunchura,90.300
Ebermannstadt,1.540.000
Lee County,1.690.000.000
Myrtle Beach,94.500.000
Ringsted Municipality,1.050.000
Leganés,16.900.000
Hilversum,27.100.000
Cosenza,43.500.000
Canmore,282.000.000
Fauquier County,3.640.000
Tamil Nadu,1.500.000.000
Yerevan,40.100.000
Jelenia Góra,15.400.000
Matsuyama,22.400.000
Bélapátfalvai járás,38.500
Krems an der Donau,6.340.000
gmina Bodzechów,82.900
Forsyth County,42.300.000
Hilton Head Island,66.400.000
Póvoa de Varzim,5.580.000
Mannheim,147.000.000
Fayetteville,217.000.000
Lemgo,7.660.000
Woburn,24.800.000
Segovia,69.800.000
Nagasaki Prefecture,8.710.000
Rioja,253.000.000
Fairfax County,116.000.000
Acre,276.000.000
Mettlach,2.720.000
Desenzano del Garda,6.570.000
Lucca,120.000.000
Brasov,36.900.000
Waterloo,163.000.000
Breitbrunn am Chiemsee (VGem),31.100
Tromsø,33.900.000
Faro,136.000.000
Kalamata,24.400.000
Wales,2.540.000.000
Mankato,19.900.000
Prayagraj,37.200.000
Cozumel,22.300.000
Richmond,430.000.000
Sonthofen,4.940.000
Fribourg,55.300.000
Terschelling,5.350.000
Varanasi,169.000.000
Townsville,61.700.000
Karlstad,34.500.000
Pohang-si,1.320.000
Pachuca,49.400.000
Luxor,43.600.000
Redmond,92.300.000
Essex,1.540.000.000
São Carlos,1.210.000.000
Cesena,36.100.000
Campeche,73.000.000
Kihei,5.560.000
Kaskelen,428.000
Wolfville,2.210.000
Rutland County,20.400.000
Macon,120.000.000
Pilani,23.800.000
Steamboat Springs,11.200.000
Hukou,2.000.000
Mill Valley,475.000.000
Alhama de Murcia,5.780.000
Hue City,522.000.000
Genk,27.800.000
Blaubeuren,2.470.000
Bunkyo,9.270.000
Oregon,2.810.000.000
Skokie,17.400.000
Roses,1.770.000.000
Champaign,280.000.000
Clermont-Ferrand,91.800.000
Clay County,188.000.000
Rydzyna,2.620.000
Alghero,15.200.000
Morelia,58.500.000
Borgholms kommun,983.000
Tbilisi,83.000.000
Martinique,1.560.000.000
Richmond Hill,1.310.000.000
Vitória,1.320.000.000
Danvers,43.500.000
Sinajana Municipality,190.000
Ha Long,2.840.000.000
Tübingen,112.000.000
Patna,1.200.000.000
Caesarea,9.100.000
Ávila,124.000.000
Ponte de Lima,26.900.000
Tuscany,120.000.000
Koper / Capodistria,1.590.000
Honolulu County,80.200.000
Jinhua,12.900.000
Riverside,1.630.000.000
Abbottabad,13.000.000
Bodrum,119.000.000
Aguascalientes,104.000.000
Kengzi Sub-district,13.300
Brookings,128.000.000
Town of Mount Pleasant,114.000.000
Quito,1.150.000.000
Bath,686.000.000
Emden,19.800.000
Nilandhe Atholhu Dhekunuburi,3.510
Warwick,1.130.000.000
South Carolina,798.000.000
Maynooth,9.040.000
Calvià,4.310.000
Surabaya,394.000.000
Jiuzhaigou County,588.000
West Goshen Township,3.860.000
Morioka,10.700.000
Leshan,3.090.000
Circolo dell'Isole,4.580.000
České Budějovice,40.700.000
East District,4.470.000.000
Windhoek,30.600.000
Kerala,2.190.000.000
Phlai Chumphon,25.900
Cordoba,150.000.000
Darjeeling,43.400.000
Senhora da Hora,60.500.000
Nantucket,25.200.000
Grand Forks,39.300.000
Fallujah,2.940.000
County Kerry,55.300.000
Kalamazoo,62.300.000
Dana Point,1.280.000.000
Ferrara,220.000.000
Zhejiang,63.200.000
Hasselt,32.000.000
Kahului,8.460.000
Pathum Thani Province,863.000
Petaluma,24.500.000
Subang Jaya,31.800.000
Eger,103.000.000
Waidhofen an der Ybbs,3.520.000
Mons,391.000.000
Tung Chung,326.000.000
Mytilene,3.200.000
Malacca City,13.200.000
DeKalb County,34.200.000
Panguipulli,2.820.000
Kolding,16.900.000
Hamamatsu,22.300.000
Wyoming,261.000.000
Ioannina,8.720.000
Gubbio,7.140.000
Sharm el-Sheikh,15.100.000
Sudbury,109.000.000
Langwedel,1.680.000
Shizhong,846.000
Henan,29.400.000
Gramado,32.100.000
Karpacz,7.700.000
Klosters,11.600.000
Lowell,129.000.000
Grapevine,59.100.000
Rockport,29.800.000
Marietta,117.000.000
São Leopoldo,199.000.000
Agios Nikolaos Municipal Unit,431.000
Yangon,39.600.000
Nevada,395.000.000
Beidaihe,1.460.000
Blackrock,121.000.000
Nova Scotia,1.310.000.000
Krasnoyarsk Krai,2.810.000
Diyarbakir,28.700.000
Hana,221.000.000
Fischbachau,721.000
Asheville,122.000.000
دهستان کیش,683.000
Kaufbeuren,9.220.000
Lorient,61.900.000
Erode,178.000.000
Stellenbosch,33.300.000
Santa Catarina,116.000.000
El Oued,11.900.000
Tomar,1.290.000.000
Elx / Elche,5.700.000
Benevento,42.600.000
Taipa,6.550.000
Chiayi,8.800.000
Newport,1.280.000.000
Bibione,6.340.000
Jena,132.000.000
Gifu Prefecture,7.010.000
Ibaraki Prefecture,7.140.000
Monterrey,1.130.000.000
Gliwice,44.300.000
Gijón / Xixón,1.140.000
Hof,1.050.000.000
Dedham,12.600.000
Bethlehem,87.800.000
Center District,6.660.000.000
Blacksburg,23.000.000
Davao City,50.800.000
Gurugram,131.000.000
Markham,133.000.000
Larache,5.080.000
Warrenton,10.900.000
Port Jefferson,86.700.000
Miami-Dade County,38.900.000
Niagara-on-the-Lake,104.000.000
Westminster,1.320.000.000
Irbid,4.810.000
Ostritz,527.000
West Palm Beach,1.370.000.000
Al Ain,366.000.000
Sicily,1.760.000.000
Mississippi,2.010.000.000
Selangor,83.300.000
Sochi,41.500.000
Stadt Kufstein,3.870.000
Nakhon Pathom Province,1.390.000
Duluth,80.500.000
Verbania,12.200.000
Key West,1.160.000.000
City of Edinburgh,1.630.000.000
Balatonfüredi járás,147.000
Kranj,10.600.000
Helsingborg,34.200.000
Quetta,28.100.000
Falmouth,33.600.000
Howrah,56.600.000
Brescia,126.000.000
Northampton,108.000.000
Mulhouse,50.700.000
Pennsylvania,801.000.000
Aracaju,48.100.000
Little Rock,916.000.000
Paisley,114.000.000
Rohnert Park,7.830.000
Manaus,108.000.000
Barnstable County,7.480.000
Kennebunkport,3.930.000
Vintl - Vandoies,71.800
Orsay,76.100.000
Qufu City,3.610.000
Dornburg,1.770.000
Ogunquit,3.630.000
Sabadell,44.000.000
Καστοριά,6.860.000
Antis Township,518.000
George,1.490.000.000
Gallipoli,19.500.000
Delaware,401.000.000
Benidorm,48.700.000
Serrara Fontana,582.000
Esbjerg,17.000.000
Dunhuang,5.240.000
Beer-Sheba,11.100.000
Niš,18.300.000
South Lake Tahoe,36.200.000
Karlskrona,14.500.000
Merida,161.000.000
Kentucky,2.230.000.000
Gemeinde Klosterneuburg,1.100.000
Somerset Township,12.600.000
Woolwich,16.000.000
Bad Kreuznach,9.670.000
East London,968.000.000
Rosebank,13.100.000
Guadeloupe,1.540.000.000
Irving,159.000.000
Johnstown,38.000.000
Fribourg - Freiburg,6.160.000
Kelowna,95.100.000
Yeonsu-gu,1.710.000
Warren County,1.740.000.000
Liberec,37.600.000
Daytona Beach,110.000.000
Castile-La Mancha,60.300.000
New Haven,1.270.000.000
Oviedo / Uviéu,294.000
La Rochelle,108.000.000
Songkhla Province,1.670.000
Chantilly,113.000.000
Hualien City,5.280.000
Leitchfield,1.260.000
Wharton Township,6.040.000
Morristown,42.000.000
Concord,1.240.000.000
Geumcheon-gu,1.510.000
Bavaria,120.000.000
Teignbridge,1.220.000
Itatiaia,9.870.000
Lecce,116.000.000
Indiana,911.000.000
Siedlce,19.300.000
Sonoma County,59.000.000
Frascati,32.900.000
Ajman Emirate,16.800.000
East Lansing,117.000.000
Dundee,250.000.000
Bangi Lama,5.070.000
Puerto Varas,9.110.000
Faridabad,125.000.000
Yaounde,10.100.000
Zhaoqing City,2.900.000
Znojmo,13.700.000
East Stroudsburg,11.500.000
La Baule-Escoublac,3.990.000
Lamia,23.900.000
Vaikom,4.980.000
Ensenada,44.000.000
Gangneung-si,796.000
Cherbourg,30.800.000
Herrsching am Ammersee,1.650.000
Manhattan,2.390.000.000
Carson,182.000.000
Flagstaff,69.700.000
Gjøvik,10.000.000
Chișinau,36.600.000
Ibiza,1.040.000.000
Agía Marína,5.460.000
Gießen,92.500.000
Municipality of Kalamata,620.000
Bezirk Oberpullendorf,1.220.000
Lexington,1.480.000.000
Foz do Iguaçu,31.400.000
East Whiteland Township,1.010.000
Demänovská Dolina,1.910.000
Landkreis St. Wendel,1.350.000
Antigonish,3.530.000
San Andrés Cholula,7.210.000
Rio Arriba County,2.850.000
Murcia,132.000.000
Moncarapacho e Fuseta,173.000
Paiania,407.000
Villa Alemana,11.000.000
Polis Chrysochous,3.450.000
Roquetas de Mar,7.310.000
Papeete,7.820.000
Blaine County,17.200.000
Harrisburg,116.000.000
Oxnard,39.200.000
Alba Iulia,13.200.000
Ormont-Dessus,208.000
Tyler,396.000.000
Mandelieu-la-Napoule,5.510.000
Wanzhou,1.690.000
Jilin,19.100.000
Franschhoek,4.810.000
el Prat de Llobregat,7.590.000
Rockford,87.100.000
Saitama,99.100.000
Aranjuez,12.900.000
Aix-en-Provence,101.000.000
(Old) Ottawa,299.000.000
Weimar,116.000.000
Vitoria-Gasteiz,17.900.000
Mueang,17.300.000
Lecco,48.800.000
Polanica-Zdrój,4.560.000
Ystad,10.500.000
Nassau County,62.400.000
Kuwait City,2.070.000.000
Sé,1.790.000.000
Denpasar,105.000.000
Alessandria,54.700.000
Campo Grande,1.420.000.000
Hirosaki,5.780.000
Gandhinagar,90.100.000
Las Piñas,160.000.000
Blantyre,15.700.000
Saratov,16.200.000
Louvain-la-Neuve,12.100.000
Borough of Newcastle-under-Lyme,1.160.000
gmina Lwówek Śląski,422.000
Jönköping,36.800.000
Dongying City,4.410.000
Shaker Heights,9.860.000
Colorado,2.980.000.000
Denton County,34.600.000
Baohe District,383.000
Yountville,3.560.000
Piteå,8.440.000
Brittany,1.110.000.000
Ezhou,5.170.000
San Luis Obispo County,20.500.000
Saint Julian's,3.120.000
Lipari,8.840.000
Landkreis Deggendorf,3.760.000
Suncheon-si,357.000
Tønsberg,9.790.000
Ewing Township,5.370.000
Terrassa,29.400.000
Landerneau,5.200.000
Karnataka,1.410.000.000
Almaty,37.500.000
Friedrichshafen,22.300.000
Tuusula,5.560.000
Cape Cod,97.800.000
Pinellas County,21.100.000
Huddersfield,70.200.000
Punta Del Este,1.130.000.000
Mieres,6.390.000
Eastern Cape,1.230.000.000
North Dakota,1.540.000.000
Andros Regional Unit,353.000
Trollhättan,11.900.000
Placer County,12.200.000
Pontevedra,51.000.000
Lincoln County,1.690.000.000
Chur,144.000.000
Jeonju,33.100.000
Dauphin County,15.500.000
Charlottetown,14.300.000
Sopot,26.900.000
Xalapa,34.500.000
Protaras,6.300.000
Penukonda,1.100.000
Garmisch-Partenkirchen,18.300.000
Coos County,4.790.000
Lower Hutt,12.700.000
Laurel,1.230.000.000
Zagori Municipality,3.080.000
Luleå,32.500.000
Noboribetsu,2.050.000
Gmunden,7.380.000
Baie-Mahault,2.950.000
Fredrikstad,12.700.000
Area B (Cawston/Lower Similkameen),130.000
Choroní,597.000
Talca,24.000.000
Midland,516.000.000
Avranches,8.340.000
Preston,1.440.000.000
Jongno-gu,4.730.000
Amazonas,402.000.000
Tarascon,8.720.000
Olympia,1.170.000.000
Taganrog,3.080.000
Herzliya,7.600.000
Sarasota,111.000.000
Jamestown,113.000.000
County Westmeath,11.600.000
Makati,58.500.000
Ahmedabad,1.390.000.000
Santa Maria da Feira,80.200.000
Merced County,121.000.000
Portishead,6.520.000
Trapani,52.000.000
Old Town,2.890.000.000
Penistone,2.810.000
Milton Keynes,115.000.000
Apulia,14.200.000
South Oxfordshire,2.920.000.000
Arizona,859.000.000
Chamonix-Mont-Blanc,11.700.000
Port Saint Lucie,19.900.000
Sainte-Luce,74.400.000
Incline Village-Crystal Bay,1.530.000
Lapland,21.200.000
Sigüenza,4.590.000
San Bernardino County,60.500.000
Berkeley Springs,1.140.000.000
Maó,3.240.000.000
Villa María,267.000.000
Mechelen,31.600.000
Caraguatatuba,11.800.000
Bassa Reggiana,283.000
Bezirk Hallein,730.000
Saariselkä,2.870.000
Nafplio,3.410.000
Veszprém,16.500.000
Elk,210.000.000
South Tangerang,14.600.000
Santa Maria,464.000.000
Douglas County,971.000.000
Lyngby-Taarbæk Municipality,48.100
Bad Honnef,5.090.000
Alaska,434.000.000
Marstrand,3.280.000
La Jacques-Cartier,16.000.000
Carmona,61.500.000
La Maddalena,21.700.000
Lac-Beauport,2.200.000
Hardin County,27.000.000
Caledon,13.700.000
Arica,38.000.000
Cantón Carrillo,5.220.000
Sunnyvale,96.000.000
Greenport,4.680.000
Bathurst,34.100.000
Gotenba,2.610.000
Sullivan County,133.000.000
Kissimmee,53.800.000
Dehradun,118.000.000
Chiemsee,10.200.000
Lagos State,231.000.000
Ostuni,10.400.000
Winterthur,41.100.000
Pernambuco,116.000.000
Taranto,62.000.000
Quang Binh province,6.070.000
Båstad,8.770.000
Antofagasta,35.900.000
La Ferté-Bernard,3.730.000
Scottish Highlands,29.800.000
Kaprun,6.060.000
Saue vald,3.210.000
Saint Paul's Bay,5.700.000
Framingham,45.900.000
Palm Beach County,1.020.000.000
West Point,3.080.000.000
Palmerston North,33.700.000
Rouen,113.000.000
Los Alamitos,10.400.000
Cetraro,2.220.000
City of Poughkeepsie,15.700.000
Belfort,79.200.000
Kendal,60.700.000
Kutaisi,5.050.000
Mexicali,309.000.000
Oaxaca,123.000.000
Corpus Christi,110.000.000
South San Francisco,2.350.000.000
Phu Quoc City,31.700.000
Gemeinde Spital am Semmering,49.300
Amantea,3.100.000
Gembloux,7.040.000
Sarawak,90.700.000
Minnesota,701.000.000
Mohammedia,7.840.000
Tianguistengo,924.000
Troyes,64.100.000
Rockland,48.500.000
Diepenbeek,4.480.000
Guatemala City,1.590.000.000
Pensacola,92.100.000
Murfreesboro,33.700.000
Renton,48.100.000
Town of Ellicottville,417.000
Lorne,23.100.000
Akita Prefecture,7.830.000
Tarquinia,4.760.000
Campbell County,188.000.000
Provincia Guanacaste,4.550.000
Johor,127.000.000
Osijek,19.100.000
Dearborn,58.600.000
Lake Como,1.350.000.000
Canton Luxembourg,13.500.000
Hamilton City,1.760.000.000
Kongsberg,12.400.000
Stade,160.000.000
New Providence,1.270.000.000
Minna,62.400.000
Canóvanas,3.140.000
Vico Equense,4.320.000
Hampton,1.310.000.000
Cantón San Carlos,49.600.000
Louisiana,603.000.000
Gujarat,1.400.000.000
Veracruz,123.000.000
Waco,108.000.000
District of Tuggeranong,272.000
Kirkkonummi,5.450.000
gmina Kuślin,72.500
Norman,2.020.000.000
Laguna Beach,187.000.000
Iquique,24.600.000
Jiang'an District,16.300.000
Comunità territoriale della Val di Fiemme,39.500
Burnaby,67.900.000
Vila Velha,54.000.000
Montauban,33.500.000
South Cyprus,2.310.000.000
Telč,9.360.000
Constantine,81.000.000
Landkreis Starnberg,6.500.000
Keelung,6.810.000
Velen,19.800.000
Kampala,57.200.000
Gemeinde Laxenburg,252.000
Budmerice,400.000
Gatlinburg,18.300.000
Rye,141.000.000
Lindau (Bodensee),6.090.000
Playa del Carmen,85.800.000
Günzburg,8.340.000
Abbotsford,38.500.000
Dundalk,27.400.000
Angleur,2.110.000
Kenmare,4.570.000
Teresina,45.700.000
Winchester,646.000.000
Seika,9.460.000
Dnipro,13.900.000
Awaji,6.430.000
Atherton,39.800.000
Fargo,1.260.000.000
Plovdiv,18.200.000
Spa,2.690.000.000
Wuppertal,73.600.000
Eisenberg,54.100.000
Forest of Dean District,15.000.000
Sandton,26.700.000
Hattiesburg,25.100.000
Marin County,57.400.000
Summit County,2.050.000.000
Santa Cruz de la Sierra,111.000.000
Maricopa County,24.900.000
Salina Cruz,9.780.000
Alberobello,6.080.000
Municipal Unit of Delphi,2.210.000
Darlington,98.900.000
Chambéry,29.400.000
Chios Regional Unit,221.000
Bitola,8.040.000
North Charleston,1.020.000.000
Adelphi,17.000.000
Região Geográfica Imediata de Tarauacá,8.070
Kuopio,25.900.000
Kherson Oblast,2.040.000
Dourdan,4.920.000
Spokane,172.000.000
Ross County,636.000.000
Pamplona,110.000.000
Klützer Winkel,718.000
São Bernardo do Campo,72.100.000
Tamar Regional Council,1.130.000
Lagodekhi,405.000
Liuzhou,3.650.000
Huitzilac,929.000
Hisarya,278.000
Phippsburg,914.000
Crema,1.320.000.000
Soest,32.200.000
Huron Township,8.290.000
Comunità delle Giudicarie,136.000
Himeji,10.200.000
Wiesbaden,111.000.000
Copper Mountain,116.000.000
Brevard County,23.600.000
Pyla,3.780.000
Columbiana County,4.320.000
Unorganized Kenora District,412.000
Tennessee,607.000.000
Rockley Beach,1.420.000
Solna kommun,11.500.000
Houthalen-Helchteren,3.120.000
County Meath,16.300.000
Sumoto,8.020.000
Interlaken-Oberhasli administrative district,133.000
Mate Yehuda Regional Council,130.000
Pietermaritzburg,17.900.000
Bad Staffelstein,3.510.000
Plattsburgh,10.700.000
Ciutadella,9.550.000
Mataram,54.200.000
Sigtuna,5.840.000
Visakhapatnam,134.000.000
Village of Johnson City,184.000.000
Greenbrier County,10.100.000
Kotayk Province,200.000
Pont-à-Mousson,5.560.000
Cotonou,12.500.000
Carthage,51.300.000
Lephalale Local Municipality,199.000
Güneysınır,605.000
Wrexham,31.300.000
Selçuk,49.400.000
Pelotas,122.000.000
Pori,67.200.000
Pitlochry,4.650.000
Chihuahua,1.160.000.000
Samarkand,17.700.000
Barakaldo,8.930.000
Provo,67.400.000
Minas Gerais,1.150.000.000
Puerto Rico,2.380.000.000
Landkreis Traunstein,3.630.000
Otago,52.300.000
Marktoberdorf,3.690.000
Gangtok,27.200.000
Williamstown,27.700.000
Bhiwani,20.300.000
Mikulov,4.430.000
Baku,1.280.000.000
Arnhem,91.700.000
Tateyama,4.720.000
Bezirk Bregenz,1.250.000
Tórshavn,2.530.000
Mesa,694.000.000
Witten,41.400.000
Bursa,196.000.000
Odder,7.780.000
Agra,1.040.000.000
Villers-lès-Nancy,4.260.000
Saint-Jean-de-Maurienne,20.100.000
Caminha,36.000.000
Herzogenrath,4.480.000
Wadern,4.030.000
Kinross,11.100.000
Gebze,33.400.000
Halden,13.700.000
Maritime Alps,4.250.000
District d'Aigle,2.350.000
Sherbrooke,66.200.000
el Castell de Sufera,64.800
Unorganized Borough,756.000
Szczecin,124.000.000
Sopron,22.600.000
Cotswold District,9.590.000
Fayette County,119.000.000
Veliky Novgorod,1.490.000
Stafford,361.000.000
Lüneburg,33.800.000
Adachi,43.300.000
Jiyang Town,728.000
Kocherinovo,84.000
Halle (Saale),30.800.000
Osnabrück,91.700.000
Izola / Isola,685.000
Prince Edward Island,115.000.000
Plymouth County,96.600.000
Hollywood,735.000.000
Kapolei,6.060.000
Ibarra,76.300.000
Grado,2.040.000.000
Geelong,72.500.000
Vanderbijlpark,6.760.000
Pitești,7.620.000
New Shoreham,8.910.000
Ballarat,36.100.000
Elsinore,14.500.000
Thai Nguyen city,40.400.000
Livingston,560.000.000
Avalon,103.000.000
Lauderdale County,357.000.000
Częstochowa,41.300.000
Escambia County,5.050.000
Gangwon,7.820.000
San Joaquin County,22.800.000
Beberibe,5.200.000
gmina Radziejowice,125.000
Wilhelmshaven,19.700.000
Zhenjiang,7.560.000
Hjørring Municipality,312.000
Böblingen,72.400.000
Jūrmala,8.940.000
Le Chesnay-Rocquencourt,1.910.000
Quatre Bornes,8.430.000
Dahme-Spreewald,3.180.000
Yuma,89.400.000
Heilbronn,52.900.000
Le Havre,92.400.000
Assam,200.000.000
Bhubaneshwar,19.900.000
Richardson,1.800.000.000
Albacete,65.300.000
Lappeenranta,15.800.000
Lampang Province,1.110.000
Одинцовский городской округ,1.500.000
Płock,35.700.000
Sestri Levante,5.710.000
Bezirk Brugg,919.000
Varese,86.400.000
Somerville,123.000.000
Stoke-on-Trent,49.300.000
Kunming Subdistrict,154.000
Oneida County,11.400.000
Ventura,169.000.000
Walker County,224.000.000
Kansas,609.000.000
IJsselstein,6.510.000
Landkreis Karlsruhe,7.980.000
Caetité,2.450.000
Kagoshima,26.400.000
Beer Sheva,5.570.000
Bucheon-si,1.420.000
Podčetrtek,1.080.000
Narvik,11.100.000
Espírito Santo,176.000.000
Tijuana,335.000.000
Garden Grove,1.490.000.000
Bani Sweif,306.000
Wuzhen,1.580.000
Toroni Municipal Unit,64.400
Dassel,3.480.000
Teisendorf,2.160.000
Bohinj,7.260.000
Temuco,28.800.000
Rosenheim,37.000.000
Tokoname,2.040.000
Middlesbrough,79.000.000
Scottish Borders,28.300.000
Lemont,13.300.000
Chinon,118.000.000
Kigali City,17.000.000
Geneva County,48.400.000
Shaanxi,27.000.000
Zug,323.000.000
Surrey,1.480.000.000
Thanjavur,48.500.000
Jianye District,1.090.000
Verwaltungsgemeinschaft Hinterzarten,26.900
Kajang Municipal Council,103.000
Mitchell County,149.000.000
Sfax,10.600.000
Penghu,4.540.000
Brasília,1.060.000.000
Jackson,2.660.000.000
Haljala vald,1.980.000
Cullera,5.910.000
Kohala,5.120.000
Malente,2.860.000
Prince George's County,151.000.000
Essaouira,8.820.000
Verwaltungsgemeinschaft Wolfach,29.800
Asahikawa,6.470.000
Jiuzhaigou,3.200.000
Schroeder,175.000.000
Pullman,117.000.000
Shandong,55.200.000
San Justo,120.000.000
La Plata,1.600.000.000
Cencun,39.000
San Mateo County,58.000.000
Kuala Terengganu,30.000.000
Hilo,1.190.000.000
Guarda,1.560.000.000
Marcq-en-Barœul,11.400.000
Mandi,1.150.000.000
Jodhpur,158.000.000
Shinjuku,77.300.000
Hengshan,1.040.000
Neubiberg,3.350.000
Nadi,214.000.000
Pistoia,40.100.000
Launceston,39.500.000
Tauranga,45.800.000
eDumbe Local Municipality,45.800
Archipiélago de San Andrés,4.810.000
Chiguayante,3.150.000
Provincia de Cautín,570.000
Binhu District,338.000
Golden,3.030.000.000
Lannion,17.100.000
Msida,3.580.000
Ramadi,2.750.000
Deerfield Beach,20.800.000
Tver,147.000.000
Malibu,509.000.000
Arusha,74.000.000
Silesian Beskids,580.000
Beaune,94.100.000
Prescott,167.000.000
Port Douglas,273.000.000
San Martín de Porres,12.300.000
Brindisi,59.600.000
Laghouat,5.050.000
Gwalior,124.000.000
Los Alamos,36.700.000
Bayreuth,49.500.000
Nomi,1.170.000.000
Sonipat,42.300.000
Banff,40.900.000
San Salvador,1.890.000.000
Elephant Pound Rajaji National park Uttrakhand,14.000
Mierlo,5.650.000
Örebro,61.200.000
Allerdale,858.000
Manhattan Beach,567.000.000
Fira,56.200.000
Quzhou,4.690.000
Antigua Guatemala,1.610.000.000
New South Wales,2.820.000.000
Mainz,132.000.000
Fiesole,8.390.000
Offenburg,20.600.000
Cantabria,103.000.000
Xining,3.150.000
Shuyuanjie,6.570
Bernalda,1.860.000
Voronezh,8.750.000
Fuyang City,4.440.000
Ube,70.500.000
Netanya,5.980.000
Quincy,110.000.000
Δήμος Αλμωπίας,150.000
Bremerhaven,102.000.000
Aulendorf,3.460.000
Antimachia,127.000
Việt Trì,219.000.000
Kien Giang Province,3.250.000
Tam Kỳ City,46.200.000
Bayonne,63.500.000
Fethiye,32.300.000
Dorval,11.000.000
Peso da Régua,7.020.000
Malabe,2.660.000
Großer Müggelsee,214.000
Bad Wildbad,3.750.000
Erice,10.400.000
Georgia,1.110.000.000
Larimer County,10.900.000
Boulogne-sur-Mer,30.700.000
Galway City,58.800.000
Sandy,1.920.000.000
Depok,112.000.000
Manama,19.400.000
Žilina,31.800.000
Tebessa,5.040.000
Durgapur,41.600.000
La Paz,1.740.000.000
Wangjing,2.800.000
Leixlip,2.340.000
Tiruchirappalli,24.100.000
gmina Zadzim,146.000
Victorville,17.300.000
Kota Bharu,14.400.000
Lieusaint,8.470.000
Gandia,16.400.000
Volterra,13.800.000
Doberschau-Gaußig - Dobruša-Huska,5.240
Kaliningrad,24.900.000
Ingolstadt,82.300.000
Rhineland-Palatinate,7.650.000
Maharashtra,1.570.000.000
Bidar,19.300.000
Aurangabad,113.000.000
Indramayu Regency,1.960.000
Steyr,48.200.000
Nardò,5.830.000
Ugento,2.800.000
Douglass Township,13.900.000
Yamagata,34.300.000
Мичуринский сельсовет,145.000
Zermatt,17.900.000
Jeju-si,18.300.000
Carmignano,3.020.000
Ikoma,8.040.000
Steinfeld,33.900.000
Assis Chateaubriand,4.750.000
Londrina,97.700.000
Marabá,22.900.000
Montego Bay,20.800.000
Ying County,18.300.000
Zhongshan,27.600.000
Arona,111.000.000
Stillwater,137.000.000
Avcılar,27.100.000
Santa Marta,164.000.000
Missoula,167.000.000
Kühlungsborn,5.090.000
Koto,521.000.000
Mauna Kea,7.480.000
Rockbridge County,5.360.000
Cuenca,249.000.000
Rhodes,1.730.000.000
Lublin,115.000.000
Nałęczów,5.290.000
South District,5.270.000.000
Marbella,108.000.000
Saint Louis County,3.740.000.000
Bussolengo,3.790.000
Pharr,13.200.000
Bourges,60.600.000
New Rochelle,161.000.000
Teruel,51.400.000
Limoges,137.000.000
Charleroi,39.900.000
City of London,2.940.000.000
Kralendijk,14.800.000
Nevis,1.690.000.000
Mecklenburg-Vorpommern,112.000.000
Galați,8.930.000
Wisconsin,3.410.000.000
Bernal,113.000.000
North Rhine-Westphalia,13.200.000
Kocaeli,186.000.000
Karon,21.000.000
Boxing County,66.100.000
Windermere,30.900.000
Lleida,66.000.000
Ripollet,4.960.000
Handan,9.820.000
Mangalia,5.810.000
Dolgoprudny,848.000
Town of Horicon,2.940.000
Paraíba,116.000.000
Joensuu,23.300.000
Bizerte,6.540.000
Speyer,30.000.000
Lakeland,118.000.000
Positano,19.400.000
Cáceres,68.400.000
Raesfeld,2.260.000
Leicestershire,37.500.000
Aalen,19.300.000
Ayr,43.500.000
Newton Mearns,1.640.000
Feldkirchen,8.470.000
Altoona,25.200.000
Bezirk Freistadt,3.360.000
Howard County,147.000.000
Tangshan,5.800.000
Loja,314.000.000
Cartago,22.400.000
Caracas,110.000.000
Tatarstan,8.590.000
Suva,25.400.000
Otsu,14.900.000
Abingdon,49.600.000
Cedillo,8.390.000
Huludao City,1.030.000
Suhl,9.370.000
Scranton,50.200.000
Barguna Sadar Subdistrict,5.630
Mittweida,4.740.000
Arad,66.200.000
Tonalá,11.900.000
San Cristóbal de La Laguna,14.200.000
Nadroga-Navosa,96.900
Lansing,122.000.000
Yanji,1.830.000
Udaipur,83.800.000
Borås,25.800.000
Deqing,1.270.000
Menorca,43.800.000
Provincetown,10.100.000
La Spezia,82.700.000
Valenciennes,38.700.000
Chiyoda,18.600.000
Gipuzkoa,26.600.000
Valencian Community,163.000.000
Kosinsky District,3.840.000
South Canberra,161.000.000
Eichstätt,8.320.000
La Tour-du-Pin,48.100.000
Central Bedfordshire,13.100.000
Chandigarh,1.250.000.000
Monthey,4.130.000
Kittilä,5.030.000
Cao Bằng City,42.800.000
Dalat,10.700.000
Akron,125.000.000
Yalta,44.600.000
Vladivostok,26.400.000
Visegrád,3.660.000
Baden-Württemberg,1.160.000.000
Draguignan,54.900.000
Neu-Isenburg,7.630.000
Kota Samarahan,3.610.000
Blagoevgrad,3.340.000
Shunde,4.450.000
Kingsville,15.600.000
Villa Clara,262.000.000
Sosnoviy Bor,14.100.000
Bellingham,84.800.000
Brandenburg an der Havel,8.920.000
Taitung County,1.920.000
Preveza,5.830.000
Vaduz,22.300.000
Gifu,31.700.000
Kasane,5.260.000
Veneto,213.000.000
Bastia,30.500.000
Laramie,33.700.000
Longyearbyen,15.300.000
Shijiazhuang City,9.810.000
